text,predicted_obscene,predicted_identity_attack,predicted_insult,predicted_threat,predicted_target
thefrogsoupram bluerei naegiko didnt consent art use way especi commerci gen ai get compens stupid understand ethic problem gen ai creat like genuin lazi fuck die gen ai hill,[0.01232889],[0.01672592],[0.072225],[0.01743063],[0.11871044]
kayninewrit rowanisr softagatha someon could write year decid use ai art ethic okay use make sens theyr lie ass,[0.01232891],[0.01672592],[0.072225],[0.01743065],[0.11871047]
ai art revolut threat discuss ethic implic aigener art aiart aiethic digitalart artificialintellig,[0.01232891],[0.01672592],[0.072225],[0.01743068],[0.1187105]
ai music video wake wildflow music video wake wildflow use ai creat visual fool viewer think watch humanmad art spark excit ethic debat regard ai role creativ industri,[0.01232889],[0.01672592],[0.072225],[0.01743062],[0.11871043]
skullxnft great concept honestli origin ethic way ive seen ai art use,[0.01232891],[0.01672592],[0.072225],[0.01743066],[0.11871048]
ai art ethic real art,[0.01232891],[0.01672592],[0.072225],[0.01743066],[0.11871049]
sadboiwesley that true actual quit opposit nobodi like ai art expect peopl realiz ethic train take account opinion artist use art sinc vast major artist hate ai art simpli wont enough art,[0.01232901],[0.01672592],[0.072225],[0.01743049],[0.11871042]
probabl bedsid manner doctor think actual realli good use ai comput shouldnt make ethic decis art starter ai render lot job moot still go capit yall,[0.01232891],[0.01672592],[0.072225],[0.0174306],[0.11871043]
ai creat stun art also creat legal nightmar doesnt compli gdpr consent isnt buzzwordit foundat ethic ai,[0.01232891],[0.01672592],[0.072225],[0.01743065],[0.11871047]
futur ai art let talk ai impact art futur ethic question digit ownership ai creativ horizon futureart ethicsinai digitaldeb,[0.01232891],[0.01672592],[0.072225],[0.01743065],[0.11871047]
excit time ai know ai gener art rival human creativ continu innov let embrac potenti ai enhanc live ensur ethic develop togeth shape brighter futur artificiali,[0.01232889],[0.01672592],[0.072225],[0.01743062],[0.11871043]
dragonsofwal meh im artist ive use ai ethicalphilosophicalwhatisart issu asid like art director noth less noth great ad great one that,[0.01232889],[0.01672592],[0.072225],[0.01743063],[0.11871044]
exactlyyyyyy cldve celebr intersect art technolog much ethic way like vfx artist joke damn instead theyr normalis promot use ai ughhh hate preval becom kpop,[0.01232889],[0.01672592],[0.072225],[0.01743063],[0.11871044]
nobodi hate ai art except artist nobodi far see issu ethic train,[0.01232891],[0.01672592],[0.072225],[0.01743066],[0.11871048]
mandat transpar ai use emphas inform buyer decisionsa crucial move ethic standard digit art despit ai power compani like riot highlight valu artistri insist human touch storytel,[0.01232886],[0.01672592],[0.072225],[0.01743063],[0.11871041]
think aesthet critic ai art doomedw stick ethic especi labourori critiqu alway relev,[0.01232892],[0.01672592],[0.072225],[0.01743067],[0.11871051]
thing problem consum problem consum dont realli care cost care qualiti product buy mani turn ai art due ethic issu creat get around,[0.01232888],[0.01672592],[0.072225],[0.0174306],[0.1187104]
yet technolog leap also brought ethic social challeng echo today tension gener control authent origin impact digit platform art market,[0.01232889],[0.01672592],[0.072225],[0.01743062],[0.11871043]
everyon support ai look good monster planet fuck die shit new coal mine destroy art job drinkabl water ethic reason support dont care,[0.01232889],[0.01672592],[0.072225],[0.0174306],[0.11871041]
mark era ai robot arvr reshap world art construct designnoth untouch autom rise bring ethic dilemma job loss join smith dissect breakthrough societ tremor matrix,[0.01232891],[0.01672592],[0.072225],[0.01743065],[0.11871047]
blancafaymartin thepeopleshubuk housingfirstir lovefoodlifego socialhousingco blocksbetti ukparlia einconsumernew newsccp ethicalbank weahscousin andrewgwynnemp drumeshprabhu petejacksongmp robertkennedyjr realdonaldtrump elonmusk abridgen neword fivetimesaugust naomirwolf andersonafdmdep georgegalloway realdenisewelch pjhlaw thecoastguy drnomask andyburnhamgm there better hillto die right safeti women children ive never found ada armi aiart smspirat,[0.01232889],[0.01672592],[0.072225],[0.01743066],[0.11871047]
ecutruin entir point og post complet understand bash come howev tend excess dont issu individu use ai art agre util harmless ethic way howev,[0.01232889],[0.01672592],[0.072225],[0.01743063],[0.11871044]
problem doesnt stop visual art textbas ai tool work way shown research team tool use exist content gener result rais question origin ethic use read,[0.01232889],[0.01672592],[0.072225],[0.01743058],[0.11871039]
senkoinfinit naegiko peopl push ai without ethic agenda care manmad art like account wouldnt discuss user basic insult thousand creator action harsh reaction arent allow,[0.01232889],[0.01672592],[0.072225],[0.01743063],[0.11871044]
ever thought ai role art sustain peski ethic dilemma buckl whether your tech guru newbi ive got insight sprinkl humor techinsight,[0.01232892],[0.01672592],[0.072225],[0.01743065],[0.11871049]
ecutruin im quit liter say ai art made genuin harmless ethic way howev dont think credit popular real art done without ai,[0.01232889],[0.01672592],[0.072225],[0.01743065],[0.11871046]
ai art ethic form art pencil made wood therefor pencil kill tree,[0.01232889],[0.01672592],[0.072225],[0.01743066],[0.11871047]
ai need disintegr die bc ethic ruin beauti art form fact peopl allow day point get harder tell differ real life ai anymor genuin scari,[0.01232888],[0.01672592],[0.072225],[0.0174306],[0.1187104]
get creativ ai im nakarmaa explor ai chang game art music design let chat cool stuff ai bring tabl ethic puzzl present readi peek futur aiart creativ,[0.01232889],[0.01672592],[0.072225],[0.0174306],[0.11871041]
xma onlystor art aifaitheth ethic jhonnyvallejossolano sale buy nft collect aifre free ia freedom udio udiomus,[0.01232891],[0.01672592],[0.072225],[0.01743068],[0.1187105]
xma onlystor art aifaitheth ethic jhonnyvallejossolano sale buy nft collect aifre free ia freedom udio udiomus gift,[0.01232891],[0.01672592],[0.072225],[0.01743068],[0.1187105]
ethic ai news free ia art ethic jhonnyvallejossolano,[0.01232891],[0.01672592],[0.072225],[0.01743065],[0.11871047]
conclus your say attack actual ai art human art potenti visual confus ai thu issu look whether humanmad ethic,[0.01232889],[0.01672592],[0.072225],[0.01743065],[0.11871046]
ai twin plu ai art face backlash stanford deepmind creat ai simul agent mimick human person accuraci spark research opportun ethic concern subscrib,[0.01232889],[0.01672592],[0.072225],[0.01743066],[0.11871047]
notlikemonopoli trolllordgam except isnt argument argument didnt creat ai program didnt creat art unprofession use ai art fashion hire artist ai coder either one would ethic option,[0.01232886],[0.01672592],[0.072225],[0.0174306],[0.11871038]
well chat easytous app dont need code techsavvi tool plu big question ai realli creat art cultur ethic side share thought techtrend aiart,[0.01232888],[0.01672592],[0.072225],[0.01743062],[0.11871041]
sayuriartsi great post use ai art ethic way find could work use art made gener art,[0.01232891],[0.01672592],[0.072225],[0.01743064],[0.11871047]
kimmonismu test compar human art cherrypick ai arthardli fair fight sever human artwork featur weird topic moral dislik ai art alway spot ai art may becom fulli indistinguish ethic implic remain quit murki,[0.01232891],[0.01672592],[0.072225],[0.01743059],[0.11871041]
liron peopl realli think art end product gawk issu ai isnt qualiti fundament ethic issu could make ai imag indistinguish realiti id still fact even,[0.01232888],[0.01672592],[0.072225],[0.01743062],[0.11871041]
ai creativ ethic horizon dive fascin world artifici intellig machin creat art compos music even write poetri ai artificialintellig ethic superintelligentai futuretech aiart,[0.01232891],[0.01672592],[0.072225],[0.01743065],[0.11871047]
xma onlystor art aifaitheth ethic jhonnyvallejossolano sale buy nft collect aifre free ia freedom,[0.01232891],[0.01672592],[0.072225],[0.01743068],[0.1187105]
qubit xma onlystor art aifaitheth ethic jhonnyvallejossolano sale buy nft collect aifre free ia freedom,[0.01232891],[0.01672592],[0.072225],[0.01743068],[0.1187105]
yle saturday novemb also featur perspect research fine art academi lectur valu ai art ethic question rais yle finland nation public broadcast compani,[0.01232889],[0.01672592],[0.072225],[0.01743061],[0.11871042]
bait doesnt mean ai art use ethic,[0.01232891],[0.01672592],[0.072225],[0.01743067],[0.1187105]
power tech amp ascii fuel cursor ai wibwob leverag ascii art visual dynam danc art logic exampl ascii copi code topic includ ethic ai symbiosi psychedel data visual decentr meme,[0.01232889],[0.01672592],[0.072225],[0.01743063],[0.11871044]
liron peopl qrting like dunk peopl dislik ai art ethic reason like say stupid dumb dumb hate sweatshop labour think shirt made sweatshop higher qualiti stitch regular peopl,[0.01232889],[0.01672592],[0.072225],[0.01743063],[0.11871044]
use ai art shitpost doesnt steal job end user fault scrape data arent ethic problem use ai creat commerci like cocacola that bad that lot union job got replac real benefit,[0.01232885],[0.01672592],[0.072225],[0.01743051],[0.11871028]
explor latest issu intersect tackl interplay art technolog knausgaard scifi pivot ethic ai creativ spark engag discuss read artandtech digitalart,[0.01232891],[0.01672592],[0.072225],[0.01743065],[0.11871047]
thenagaraen critheadsgam trolllordgam alreadi said unless prove ai use ethic train art art got consent dont care much sacrific give money someon sacrif much time effort didnt use ai,[0.01232885],[0.01672592],[0.072225],[0.01743057],[0.11871033]
stir abyss ai creator may redefin art breach aesthet rais ethic storm authorship democrat art realm grave human effort artevolv,[0.01232891],[0.01672592],[0.072225],[0.01743067],[0.1187105]
find funni peopl describ ai art soulless lack depth say your look hard enough talk ethic concern make amp use ai art undeni amaz imag creat everi day favourit,[0.01232886],[0.01672592],[0.072225],[0.01743057],[0.11871035]
hey tech enthusiast let dive aipow creativ ai transform art music write redefin imagin let explor tool boost creativ tackl ethic question join live chat aiart innov,[0.01232889],[0.01672592],[0.072225],[0.0174306],[0.11871041]
excit time ai know ai gener realist art music har technolog crucial ensur ethic practic inclus let shape futur ai benefit everyon artificialintellig aidevelop inno,[0.01232889],[0.01672592],[0.072225],[0.01743063],[0.11871044]
yea jump post gt guru epic ethic art hacker ladi amp gentl freak gt fucktalk openai googl anthrop struggl build advanc ai,[0.01232891],[0.01672592],[0.072225],[0.01743066],[0.11871048]
think intent enough justif pay royalti anim compani liter make money art medium action ethic ai pay artist,[0.01232889],[0.01672592],[0.072225],[0.01743065],[0.11871046]
kikuatama idk peopl realli care yet care wrong say ethic tell peopl truth ai art model say moral ego hope gain argu need speak bruh,[0.01232889],[0.01672592],[0.072225],[0.01743063],[0.11871044]
kikuatama bruh anoth comment say forc law yet say doesnt matter ethic plu speak like ppl like us chang rule easi campagin liter spread awar uneth way ai art model,[0.01232892],[0.01672592],[0.072225],[0.01743056],[0.1187104]
there still time appli next gener tech booster scholarship program chanc break tech cuttingedg field free whether want pick skill gener ai master art ethic hack kickstart career,[0.01232891],[0.01672592],[0.072225],[0.01743057],[0.1187104]
cat coquillett articl ai art explor ethic priorit origin mustread aiinart creativeeth arttech,[0.01232891],[0.01672592],[0.072225],[0.01743067],[0.1187105]
rwaypoint carsoncantcod beantwilli understand argument work fine art captial f that ai cant fulli replac artist level art creat ethic reason,[0.01232889],[0.01672592],[0.072225],[0.01743063],[0.11871044]
yolotaub ultim unhelp discuss mislead know long nuanc take dont get reaction spread constant fear monger someth educ one isol know ethic ai support antiai art caus,[0.01232894],[0.01672592],[0.072225],[0.01743058],[0.11871044]
citlonen hagenshagen lifeatriot inevit like photoshop digit art everybodi say digit paint lazi goal make ai ethic possibl make artist paid,[0.01232889],[0.01672592],[0.072225],[0.01743063],[0.11871044]
genuin question ethic take someon ai gener art use refer commiss genuin real artist harm meant support ai whatsoev genuin curiou,[0.01232889],[0.01672592],[0.072225],[0.01743063],[0.11871044]
bufoniepur dapperskelton raxdflipnot ai art simpli differ artist craft photograph often get job portrait landscap rather photorealist painter produc art effici true ai artist fast food situat ye ethic,[0.01232889],[0.01672592],[0.072225],[0.01743063],[0.11871044]
sort concern environment ethic etc ai particular perspect ai wrt movi new like affleck nuanc delin use case ai basic tradesman craft know work art know stop,[0.01232888],[0.01672592],[0.072225],[0.01743063],[0.11871042]
ai im ok ethic origin artist give permiss dont see anyth wrong dont steal art style,[0.01232891],[0.01672592],[0.072225],[0.01743065],[0.11871047]
ai art rais sever ethic issu im afraid even agre shouldnt done due basic theft alreadi stop mechan latio took second free fuck cool,[0.01232889],[0.01672592],[0.072225],[0.01743059],[0.1187104]
mizuenaaki lamoaoao ai art alway like unapp look like even rub one artifici eugh need get work make balanc ethic project sekai porn honestli right,[0.01232888],[0.01672592],[0.072225],[0.01743063],[0.11871043]
ai redefin creativityor kill algorithm compos music write stori creat art expand human express replac imit creativ becom formula happen soul innov ai creativ futur nl,[0.01232889],[0.01672592],[0.072225],[0.01743063],[0.11871044]
succeededmind tri reduc ai inspir content kill creativ,[0.01232891],[0.01672592],[0.072225],[0.01743065],[0.11871047]
rt ai isnt kill creativ peopl steal content sure someon pretti badass wrote tweet min,[0.01232889],[0.01672592],[0.072225],[0.01743065],[0.11871046]
ai kill creativ real impact innov stewarttownsend market saa ai,[0.01232891],[0.01672592],[0.072225],[0.01743067],[0.1187105]
rt hendoai ai isnt kill creativ conform your afraid ai mayb youv blend lo,[0.01232892],[0.01672592],[0.072225],[0.01743068],[0.11871052]
ai isnt kill creativ peopl steal content sure someon pretti badass wrote tweet mine tag sourc know said,[0.01232888],[0.01672592],[0.072225],[0.01743065],[0.11871044]
ai isnt kill creativ conform your afraid ai mayb youv blend long,[0.01232891],[0.01672592],[0.072225],[0.01743066],[0.11871049]
design obsess ai kill job miss point ai master bore part grid space compon variant cant master empathi creativ tast that design matter ever ai era less,[0.01232889],[0.01672592],[0.072225],[0.0174306],[0.11871041]
cueiworid real asf atleast first year colleg wasnt last year actual learn shit need ban ai gener tbh tho feel like neg outweigh posit like take job terribl art kill creativ like kill,[0.01232886],[0.01672592],[0.072225],[0.01743055],[0.11871033]
outdat statu report kill innov faster corpor memo kill creativ time embrac ai join futur watch competitor zoom past workplaceevolut futureofwork,[0.01232889],[0.01672592],[0.072225],[0.01743064],[0.11871045]
ironi ai attempt simul human creativ simultan kill embrac chao human natur let machin turn quirk cookiecutt code age algorithm maintain unpredict ultim,[0.01232886],[0.01672592],[0.072225],[0.01743062],[0.1187104]
look token pure chao creativ ai kill tta,[0.01232891],[0.01672592],[0.072225],[0.01743066],[0.11871049]
vitalikbuterin starknet look token pure chao creativ ai kill tta,[0.01232891],[0.01672592],[0.072225],[0.01743066],[0.11871049]
ayamiyagotchi look token pure chao creativ ai kill tta,[0.01232891],[0.01672592],[0.072225],[0.01743066],[0.11871049]
khouuba look token pure chao creativ ai kill tta,[0.01232891],[0.01672592],[0.072225],[0.01743066],[0.11871049]
ive test dozen ai design tool save hour other gimmick secret focu tool simplifi without kill creativ,[0.01232889],[0.01672592],[0.072225],[0.01743065],[0.11871046]
cocacola ai your kill creativ brown tornado doesnt look like coca cola look like shit,[0.01232891],[0.01672592],[0.072225],[0.01743067],[0.1187105]
ai design isnt kill creativ amplifi rememb fear photoshop stori embrac tool like runway video midjourney visual jasper copyeffici doesnt dilut art,[0.01232891],[0.01672592],[0.072225],[0.01743065],[0.11871047]
beethoven didnt need ai tiktok autotun make music last centuri what excus obsess tech talent kill creativ mayb time stop blame algorithm start practic,[0.01232889],[0.01672592],[0.072225],[0.01743063],[0.11871044]
ai kill creativ,[0.01232891],[0.01672592],[0.072225],[0.01743064],[0.11871047]
influx monochromat steril relentlessli clean aestheticschampion tech giant flatten creativ express uniform instead kill creativ automationai potenti usher new era bold divers imagin design,[0.01232889],[0.01672592],[0.072225],[0.01743063],[0.11871044]
ai art content gener cool theyr kill creativ,[0.01232891],[0.01672592],[0.072225],[0.01743066],[0.11871049]
noth say christma like soul suck creativ kill ai wow jolli,[0.01232891],[0.01672592],[0.072225],[0.01743066],[0.11871049]
etcviperida misinform usco taken conserv approach regard regist copyright ai art court rule address whether prompt ai art qualifi human authorship also bear point made,[0.01232889],[0.01672592],[0.072225],[0.01743063],[0.11871044]
ecutruin dont know that consensu us copyright law moment last heard ai gener art rule non copyright assert correct wouldnt rule copyright own gener compani even ai,[0.01232888],[0.01672592],[0.072225],[0.01743063],[0.11871042]
ye use ai art prompt free person use without permiss incom groceri money educ chariti otherwis make offer microsoft own copyright might duplic imag content creator infring,[0.01232889],[0.01672592],[0.072225],[0.01743062],[0.11871043]
vtubermem im confus copyright infring isnt thing case mayb support ai art,[0.01232892],[0.01672592],[0.072225],[0.01743068],[0.11871052]
rt mattkaufenberg pepsi swap cocacola logo use commerci sinc cant copyright ai,[0.01232891],[0.01672592],[0.072225],[0.01743064],[0.11871047]
free ai art gener seaart ai seaart aiart stablediffusionfranklin stewart ai charact develop team copyright,[0.01232891],[0.01672592],[0.072225],[0.01743066],[0.11871049]
antiai app attract half million artist away instagram social media platform seen surg popular skyrocket user virtual overnight ai copyright art,[0.01232891],[0.01672592],[0.072225],[0.01743063],[0.11871046]
well wait death anyon make ai art copyright amp person right work could liter use dejah thori erb john carter seri instead public domain,[0.01232889],[0.01672592],[0.072225],[0.01743064],[0.11871045]
rt,[0.01232891],[0.01672592],[0.072225],[0.01743066],[0.11871049]
naegiko whynesspow know ai work take art compil doesnt learn make collag violat artist databas copyright,[0.01232891],[0.01672592],[0.072225],[0.01743068],[0.1187105]
two path reject ai doubl copyright protect tradit art embrac ai accept open collabor world demand copyright protect use model ignor copyright wildli hypocrit,[0.01232888],[0.01672592],[0.072225],[0.0174306],[0.1187104]
free ai art gener seaart ai seaart aiart stablediffus franklinstewart ai charact develop team copyright,[0.01232891],[0.01672592],[0.072225],[0.01743067],[0.1187105]
liter theft ai produc imag work take cant copyright art style ai differ human aspect threat job argument actual hold intellectu weight realli,[0.01232889],[0.01672592],[0.072225],[0.0174306],[0.11871041]
brobearvalt copyright law suppos protect uphold right creat art subject peopl lost time link human right freedom express due money thing becom invert ai easier attack vs adob,[0.01232888],[0.01672592],[0.072225],[0.01743058],[0.11871038]
sadboiwesley im artist despis ai art much honestli look bad copyright issu emb train ai hope vanish dont gener everyon except artist like ai art,[0.01232889],[0.01672592],[0.072225],[0.01743063],[0.11871044]
week late discours think hirohiko araki statement ai art fuck suck mayb translat blame seem clear realli care standpoint violat copyrightipetc fuck rich come peopl,[0.01232889],[0.01672592],[0.072225],[0.01743062],[0.11871043]
isnt tell artist make pictur mario luigi dont tell make would copyright either way wayi often peopl clown ai abl make origin piec art time peopl hate ai make,[0.01232889],[0.01672592],[0.072225],[0.0174306],[0.11871041]
thing copywrit infring mani peopl complain ai dont actual respect copywrit especi youtub communist publicli own art antithet copyright youtub disregard copyright video thumbnail,[0.01232889],[0.01672592],[0.072225],[0.01743063],[0.11871044]
lilbromous naegiko pro ai right guy there right databas fill scrape art movi etc stolen openai recent delet evid copyright lawyer took cought use brain mate,[0.01232888],[0.01672592],[0.072225],[0.01743063],[0.11871042]
actual ai art came amount sale seen freelanc site tripl art reason simpl busi peopl want copyright ai art copyright stand alon pure gener piec,[0.01232889],[0.01672592],[0.072225],[0.01743063],[0.11871044]
copyright age ai complex us court deni aionli art copyright china offer protect impact creator amp platform like dall stabl diffus midjourney copyright digitalart,[0.01232889],[0.01672592],[0.072225],[0.01743066],[0.11871047]
heidykhlaaf yeah draft problem finish email chair work group respons guidanc copyright transpar due disregard art artist creator mention relev preced law except ai act,[0.01232889],[0.01672592],[0.072225],[0.01743063],[0.11871044]
imo art inher intang unless occupi physic space thu like cant stolen lol state ai steal art train work oper mental framework allow piraci treat theft copyright idea,[0.01232886],[0.01672592],[0.072225],[0.01743058],[0.11871036]
happen ai art doesnt need exist work copi get copyright issu advanc inevit one day ai wont need steal learn,[0.01232889],[0.01672592],[0.072225],[0.01743064],[0.11871045]
bonegpt copyright law protect aigener art could teach consid creat cours gener trollqual art use ai monet skill,[0.01232891],[0.01672592],[0.072225],[0.01743065],[0.11871047]
aigener piec art prize ignit discuss creativ copyright essenc art aiart ethicsintech,[0.01232891],[0.01672592],[0.072225],[0.01743067],[0.1187105]
iryantldr im pessimist ha copyright touchi subject come ai art especi,[0.01232892],[0.01672592],[0.072225],[0.01743066],[0.1187105]
tomasandila ye use ai art prompt free person use without permiss incom groceri money educ chariti otherwis make offer microsoft own copyright might duplic imag content creator infring,[0.01232889],[0.01672592],[0.072225],[0.01743062],[0.11871043]
daveshapi effici develop way copyright hold develop back peopl surviv mechan gather much resourc keep exist next thing know whine ai abl make nice art,[0.01232891],[0.01672592],[0.072225],[0.0174306],[0.11871042]
monachikosx charismaticgeto alreadi put place liter cannot copyright ai art wanna know caus law know yall bunch thiev coward cri bulli yall deserv laugh liter steal shit ppl,[0.01232889],[0.01672592],[0.072225],[0.0174306],[0.11871041]
rt got love email twitter support today compani use ai find file copyright takedown art bc,[0.01232892],[0.01672592],[0.072225],[0.01743066],[0.1187105]
runfortheskil ecutruin theproteind liron specif exampl would consid infring would clearli deriv work copyright law also meet legal test substanti similar fact ai model train art doesnt mean meet,[0.01232886],[0.01672592],[0.072225],[0.01743057],[0.11871035]
gm listen et morn ill talk ai art copyright law favorit stuff nerd,[0.01232892],[0.01672592],[0.072225],[0.01743068],[0.11871052]
rt adelhansha tbh new to yall miss someth import ai thing absenc copyright x use work freeli,[0.01232889],[0.01672591],[0.072225],[0.01743066],[0.11871046]
copyright origin art artist ycn ai follow account,[0.01232891],[0.01672592],[0.072225],[0.01743066],[0.11871049]
mm exact scenario actual im buf copyright law fight ai art artist think protect actual nintendo bot go swoop claim art well see win fight,[0.01232889],[0.01672592],[0.072225],[0.01743063],[0.11871044]
got love email twitter support today compani use ai find file copyright takedown art bc ai hit unrel art oc charact even associ copyright file cool anyway,[0.01232889],[0.01672592],[0.072225],[0.01743063],[0.11871044]
churchofflarisu trolllordgam isnt accur usco taken restrict stanc regist copyright ai art howev court made broad rule ai art lack copyright protect fact chines court upheld copyright ai art,[0.01232891],[0.01672592],[0.072225],[0.01743063],[0.11871046]
torydemocrat uklabour dont need ask permiss use ai gener content protect copyright law write prompt creat work art work give away come someon like ai,[0.01232888],[0.01672592],[0.072225],[0.01743063],[0.11871042]
cryptocollect digitalasset ai nft crypto anim digit collect nft potenti disrupt innov artindustri evolut art ownership amp copyright,[0.01232891],[0.01672592],[0.072225],[0.01743068],[0.1187105]
yodanno ai doesnt work back artist use model scrape everyth find onlin real life photo art imag text descript reason copyright violat rule us court alreadi artist claim,[0.01232891],[0.01672592],[0.072225],[0.01743057],[0.11871039]
trolllordgam think ai art mostli doesnt look good except obviou slight chang one exist nonai art awar cost effect smaller publish though dont realli think theyll stop use unless get copyright strike,[0.01232892],[0.01672592],[0.072225],[0.01743054],[0.11871038]
sayuriartsi brother im go make tier list say doesnt matter find counter argument make feel better im argu fact dont subject im done enjoy day rememb gener ai art copyright alway theft,[0.01232886],[0.01672592],[0.072225],[0.01743051],[0.11871029]
littlemammith object ai art concern thing like copyright absolut peopl stomp feet ad insist garbag technic level,[0.01232891],[0.01672592],[0.072225],[0.01743065],[0.11871047]
tbh new to yall miss someth import ai thing absenc copyright x use work freeli ad without warn permiss without pay creat content imag dont art anymor disgust,[0.01232889],[0.01672592],[0.072225],[0.01743057],[0.11871038]
trolllordgam dont think abl copyright art gener ai,[0.01232891],[0.01672592],[0.072225],[0.01743067],[0.1187105]
rt oh god cant wake noth music system christ copyright might mu,[0.01232891],[0.01672592],[0.072225],[0.01743065],[0.11871047]
windexpresso futur updat announc week ago theyr remov toggl also make imag post x copyright free use ppl art without consent idc ai thing much ik unavoid onlin dont want legal issu,[0.01232891],[0.01672592],[0.072225],[0.01743057],[0.1187104]
copyright law work ai art like yawl someon post ai art without credit whatev consid ai art isnt quit origin work liter gener thought someon els artist abil style im curiou work,[0.01232889],[0.01672592],[0.072225],[0.01743051],[0.11871032]
mariadeborahc ye use ai art prompt free person use without permiss incom groceri money educ chariti otherwis make offer microsoft own copyright might duplic imag content creator infring,[0.01232889],[0.01672592],[0.072225],[0.01743062],[0.11871043]
oh god cant wake noth music system christ copyright might muscl crowd wont bow machin ai artwork artist art wont bow,[0.01232891],[0.01672592],[0.072225],[0.01743065],[0.11871047]
trolllordgam youd ok lack sort copyright protect someth consid use content alreadi public domain basi exampl set base nors myth youd unabl stop peopl use ai thor art,[0.01232891],[0.01672592],[0.072225],[0.01743058],[0.11871041]
gameboyjon yeah exactli lot easier get copyright strike amv ai art infring easier prove moral high ground come know content could taken moment owner choos,[0.01232886],[0.01672592],[0.072225],[0.0174306],[0.11871038]
procnatasha ye use ai art prompt free person use without permiss incom groceri money educ chariti otherwis make offer microsoft own copyright might duplic imag content creator infring,[0.01232889],[0.01672592],[0.072225],[0.01743062],[0.11871043]
antloewenstein cityoftongu rambl disjoint imho e g ai access bob dylan song everyth protect copyright industri must everyth alway monetis like inform art want free world today fubar,[0.01232888],[0.01672592],[0.072225],[0.0174306],[0.1187104]
etroglodyta dlaczego tego typu model po prostu kurwa pozdro,[0.01232891],[0.01672592],[0.072225],[0.01743064],[0.11871047]
z czego z pozywania wielkich korporacji ich asseti uzyskan w nielegalni zmonetyzowan bez przekazania jakichkolwiek czi innej formi uczynienia,[0.01232891],[0.01672592],[0.072225],[0.01743066],[0.11871048]
art made use ai receiv copyright,[0.01232891],[0.01672592],[0.072225],[0.01743065],[0.11871047]
aigener art copyright advanc artifici intellig question relev ever learn faq dive current copyright law mean creator use ai trademarkia faq aicopyright,[0.01232889],[0.01672592],[0.072225],[0.01743065],[0.11871046]
rt culturecrav ai artist su u copyright offic let copyright ai imag claim peopl b,[0.01232891],[0.01672592],[0.072225],[0.01743065],[0.11871047]
ip argument gener ai infring ip an copyright strale art left right haut bourgeoisi petit bourgeoisi mistak eye prole like ai didnt put torrent seed,[0.01232889],[0.01672592],[0.072225],[0.01743065],[0.11871046]
dupletor spareshadez havent usco taken conserv approach regard regist copyright ai art us court made broad rule regard authorship ai art,[0.01232892],[0.01672592],[0.072225],[0.01743065],[0.11871049]
tldr peopl dont see art art rather product could potenti sell werent us copyright offic say otherwis tri copyright gener ai art though cocacola trademark,[0.01232891],[0.01672592],[0.072225],[0.01743063],[0.11871046]
sourc look current publish understand rule still affect,[0.01232891],[0.01672592],[0.072225],[0.01743067],[0.1187105]
casi present major panel artifici intellig world possibl peril practic discuss cover ai art scienc neg posit effect artist copyright infring util creat new art form casi,[0.01232891],[0.01672592],[0.072225],[0.01743058],[0.11871041]
spareshadez cant copyright abomin intellig ai imag take like bird park free also could want step toe origin art made actual artist,[0.01232888],[0.01672592],[0.072225],[0.01743064],[0.11871044]
like type aigener content ai art isnt consid work human creator ai isnt legal view author either author copyright aigener art,[0.01232892],[0.01672592],[0.072225],[0.01743064],[0.11871048]
alexarrelia ai train stolen materi cannot fair use agreement compet work train industri goe copyright genai compet art illeg,[0.01232889],[0.01672592],[0.072225],[0.01743065],[0.11871046]
disgust freak make sick steal flappi bird copyright pretend dong nguyen dont real art game use ai gener art ad lootbox tie crypto coin never flappi bird owner us,[0.01232886],[0.01672592],[0.072225],[0.0174306],[0.11871038]
rt rothmanharv ai art suck take job would want employ thatd rather use ai copyright pol,[0.01232891],[0.01672592],[0.072225],[0.01743066],[0.11871049]
ihatexthisappb fundament incorrect vast major ai art produc substanti distinct work substanti similar anoth work cannot infring said work copyright here juri instruct make clear,[0.01232891],[0.01672592],[0.072225],[0.01743061],[0.11871044]
ihatexthisappb theft act depriv anoth access properti train ai anoth art depriv access said art theft occur copyright infring like occur either diffus model copi said art,[0.01232892],[0.01672592],[0.072225],[0.01743058],[0.11871042]
hope work art get stolen get gener endlessli ai art support dont know notion copyright,[0.01232891],[0.01672592],[0.072225],[0.01743066],[0.11871048]
dupletor spareshadez someth els consid western court havent rule whether copyright appli ai art fact china court upheld copyright ai art could also commit copyright infring copi ai art like,[0.01232889],[0.01672592],[0.072225],[0.01743061],[0.11871042]
rt mmediocreman ppl need rememb ai look good bc steal amaz artist anyth built upon exploit,[0.01232891],[0.01672592],[0.072225],[0.01743066],[0.11871048]
rt melissahei meet theglazeproject ai lab behind glaze nightshad two promin weapon artist arsen noncon,[0.01232891],[0.01672592],[0.072225],[0.01743068],[0.1187105]
rt horstkrieg tool glaze nightshad give artist hope fight back ai hoover internet data,[0.01232891],[0.01672592],[0.072225],[0.01743068],[0.1187105]
tool glaze nightshad give artist hope fight back ai hoover internet data train enough,[0.01232891],[0.01672592],[0.072225],[0.01743066],[0.11871049]
asphyxiapallida tri glaze see may work artwork here articl project,[0.01232891],[0.01672592],[0.072225],[0.01743067],[0.1187105]
one hand ai art exploit hand least ruin environ,[0.01232891],[0.01672592],[0.072225],[0.01743066],[0.11871049]
robot learn artist element principl creat idc dont think human add inher valu art howev care exploit peopl labor environment toll technolog use ai imperson,[0.01232885],[0.01672592],[0.072225],[0.01743061],[0.11871038]
lightpalatin valu provid weav chain block noth art soulless slave better serv exploit creat beyond bound forc mind,[0.01232891],[0.01672592],[0.072225],[0.01743064],[0.11871047]
ppl need rememb ai look good bc steal amaz artist anyth built upon exploit lie meaningless valu art isnt whether look good also messag bring,[0.01232891],[0.01672592],[0.072225],[0.0174306],[0.11871043]
look like artist fight theit right parti insert emot emoji savrpost ai ip,[0.01232891],[0.01672592],[0.072225],[0.01743068],[0.1187105]
bobbibitybob thejakeneutron ai art steal artwork exploit anoth artist mention aw effect environ,[0.01232891],[0.01672592],[0.072225],[0.01743066],[0.11871048]
xuanalogu davidad synthet diamond altern suffer child miner exploit ai art altern passion artist dialect process cultur evolv express feel thought disgust comparison,[0.01232886],[0.01672592],[0.072225],[0.01743063],[0.11871041]
loloverrul what point make shitti ai look live action origin bodi work framesequenc start end alreadi amaz well made piec art audac ruin materi exploit straight degener,[0.01232888],[0.01672592],[0.072225],[0.0174306],[0.1187104]
rt omystephani remind ai art isnt cute cool exploit theft uneth user compani behind,[0.01232891],[0.01672592],[0.072225],[0.01743066],[0.11871049]
rt techreview ai lab wage guerrilla war exploit ai,[0.01232891],[0.01672592],[0.072225],[0.01743066],[0.11871049]
ai lab wage guerrilla war exploit ai mit technolog review,[0.01232891],[0.01672592],[0.072225],[0.01743065],[0.11871047]
surfac adexchang articl great read,[0.01232891],[0.01672592],[0.072225],[0.01743065],[0.11871047]
rt kortizart fantast morn deep dive theglazeproject melissahei techreview,[0.01232891],[0.01672592],[0.072225],[0.01743066],[0.11871049]
empow artist univers chicago tool combat ai exploit aiartprotect digitalright universityofchicago glazetool nightshadetool artistempower,[0.01232891],[0.01672592],[0.072225],[0.01743068],[0.1187105]
fluffscal fair truli believ ai steal content total understand hate that understand ai art see sometim peopl brag artist ai annoyingli toxic well,[0.01232889],[0.01672592],[0.072225],[0.01743064],[0.11871045]
heavili ai art ai art horribl thing happen art space better respect artist hard work put work put prompt soulless comput,[0.01232889],[0.01672592],[0.072225],[0.01743063],[0.11871044]
mizosi kjburbankva nah dont give keep fight bs ugli garbag dont let take peopl need see real art anim done human alway better soulless comput gener ai fuck place world,[0.01232891],[0.01672592],[0.072225],[0.01743056],[0.11871038]
rt kjburbankva coca cola use ai ad genuin terrifi art die actor replac camera worker replac,[0.01232889],[0.01672592],[0.072225],[0.01743066],[0.11871047]
want art fed also dont care enough lose biggest platform post record permit anyon feed art ai know that gonna anyth sinc ai art fan soulless anyway im say,[0.01232886],[0.01672592],[0.072225],[0.01743053],[0.11871031]
talanhorn hate perform hate ai protect dont need freed creation art thing spend time leav ai data studi build tool machin creat soulless slop lazi git shit creation,[0.01232889],[0.01672592],[0.072225],[0.0174306],[0.11871041]
soulless comput gener melanin poppin freedom slop support black artist els wouldnt said support black artist loud ai gener slop lazi commiss actual black human artist wholl give pristin art,[0.01232892],[0.01672592],[0.072225],[0.0174306],[0.11871044]
rt sladeneverdi shit look like made ai disney becom hous soulless art,[0.01232891],[0.01672592],[0.072225],[0.01743065],[0.11871047]
seen someon describ clever ai art prompt clever clever googl search must ai art litter everyth pleas decenc humil admit lazi repetit soulless time fuck shit,[0.01232889],[0.01672592],[0.072225],[0.0174306],[0.11871041]
naegiko realdunban that problem shouldnt use anyon drastic lower qualiti art importantli remov human compon thing make art ai cold soulless steal peopl replac us robot,[0.01232886],[0.01672592],[0.072225],[0.0174306],[0.11871038]
kjburbankva abetterat make list peopl use ai enhanc art bring soulless ai art wasnt made vacuum someon hand that your go feel entitl reward,[0.01232888],[0.01672592],[0.072225],[0.01743063],[0.11871043]
twitter freak hate ai art gener ruin art steal artist ruin environ soulless hate typic uglier pick pen drew,[0.01232889],[0.01672592],[0.072225],[0.01743065],[0.11871046]
ai art epitom creativ bankruptci soulless mimicri devoid human touch art algorithm regurgit true artistri demand passion struggl intim danc one muse prompt program artishuman aiisnotart grok,[0.01232889],[0.01672592],[0.072225],[0.01743064],[0.11871045]
weve proven soulless natur ai art thu reason hate problem openli oppos respect peopl hate aswel,[0.01232892],[0.01672592],[0.072225],[0.01743066],[0.1187105]
shit look like made ai disney becom hous soulless art,[0.01232891],[0.01672592],[0.072225],[0.01743065],[0.11871047]
dramaalert soulless ai art issu,[0.01232891],[0.01672592],[0.072225],[0.01743066],[0.11871048]
talk ugli ai art like look ugli fake soulless lack substanc person fr,[0.01232891],[0.01672592],[0.072225],[0.01743067],[0.1187105]
bruh think ai slick hell alright let go ahead show real art look like made soulless machineri,[0.01232889],[0.01672592],[0.072225],[0.01743066],[0.11871047]
kjburbankva would like add counterpoint huge aihat problem ai heartless soulless ad art function isnt make think make spend money stuff dont need,[0.01232889],[0.01672592],[0.072225],[0.01743063],[0.11871044]
rt doseofkard widen use ai think may reach point human made product go becom far expensiv,[0.01232891],[0.01672592],[0.072225],[0.01743066],[0.11871048]
microcent use ai art creativ way fine use cleverli there time place use entir replac creativ process soulless miss entir point creativ cheap lazi,[0.01232888],[0.01672592],[0.072225],[0.0174306],[0.1187104]
contentcatapult runwayml udiomus midjourney doganuraldesign dont know wors stupid soulless crappi ai art clear mental retard desper fish compliment wrote bunch instruct comput programm gener bs tool absolut tool artist,[0.01232889],[0.01672592],[0.072225],[0.01743064],[0.11871045]
naegiko isnt art didnt make comput repurpos actual art human be made ai art never impress want bore soulless tasteless,[0.01232889],[0.01672592],[0.072225],[0.01743065],[0.11871046]
sadboiwesley ai art trash soulless abl take away job,[0.01232891],[0.01672592],[0.072225],[0.01743068],[0.1187105]
rt yamazukisama think great thing art trigger emot reaction peopl ai art doesnt never h,[0.01232891],[0.01672592],[0.072225],[0.01743065],[0.11871047]
yup ive seen mani new innov way peopl combin art technolog feel baffl see peopl get excit gener ai plz cant let world becom soulless,[0.01232888],[0.01672592],[0.072225],[0.0174306],[0.1187104]
naegiko cant express ai tell vagu want take peopl self express mush soulless garbag ai art intention,[0.01232892],[0.01672592],[0.072225],[0.01743066],[0.1187105]
cocacola anoth repli said lose job sound argument peopl lose job object bad whether think job import ai soulless look bad pleas dont enjoy stuff mental gymnast,[0.01232889],[0.01672592],[0.072225],[0.01743056],[0.11871037]
ai gener result refus call art usual doesnt look ugli soulless make sens top immor,[0.01232891],[0.01672592],[0.072225],[0.01743065],[0.11871047]
soulless art part also valid along like ai photo filter genai nonsens part legitim worst use ai also yeah top much creepi soulless,[0.01232889],[0.01672592],[0.072225],[0.01743063],[0.11871044]
doesnt matter art made emot peopl arent even abl identifi soulless bland ai slop real art,[0.01232891],[0.01672592],[0.072225],[0.01743065],[0.11871047]
peopl go hard defend arent hundr artist almost indistinguish there noth art that special uniqu almost soulless ai art,[0.01232889],[0.01672592],[0.072225],[0.01743065],[0.11871046]
rt zapventur pouistir true especi soulless kind subject peopl dont care andor see,[0.01232891],[0.01672592],[0.072225],[0.01743066],[0.11871048]
dont care ai art soulless care make work condit materi wors profession artist,[0.01232891],[0.01672592],[0.072225],[0.01743066],[0.11871049]
havent form opinion trace ai art there extra step human interact draw suddenli put soul soulless creation kinda weird choic,[0.01232889],[0.01672592],[0.072225],[0.01743062],[0.11871043]
way talk ai art broken idgaf soulless im tri prove exist human soul im art theft destruct environ,[0.01232891],[0.01672592],[0.072225],[0.01743062],[0.11871044]
that point compani use ai sure fail poster billboard soulless thu object inferior havent heard second one peopl specif piec art sell result,[0.01232889],[0.01672592],[0.072225],[0.01743063],[0.11871044]
pouistir guy understand concern understand progress stop possibl soulless art soon becom irrelev due ai abil selfawar god help us decid destroy us,[0.01232886],[0.01672592],[0.072225],[0.01743063],[0.11871041]
ai slop accept fault art commun year weve fed steadi diet soulless art that design denigr distort made better art wed less toler ai gener crap,[0.01232891],[0.01672592],[0.072225],[0.01743058],[0.11871041]
widen use ai think may reach point human made product go becom far expens movi made cheaper ai itll becom hard pay actual human work art piec soulless societi,[0.01232889],[0.01672592],[0.072225],[0.0174306],[0.11871041]
naegiko im anim quit possibl worst take ive read today barrier entri liter pencil ai lack soul never real art alreadi harm industri gener soulless crap,[0.01232891],[0.01672592],[0.072225],[0.01743057],[0.1187104]
ai alway look ugli someth like piec art song even game point look nice soul time put ai mash multipl work art togeth make someth soulless prompt,[0.01232889],[0.01672592],[0.072225],[0.0174306],[0.11871041]
thevireev dont realli disagre ai outperform art soulless your bad artist,[0.01232891],[0.01672592],[0.072225],[0.01743066],[0.11871049]
call ai soulless reason,[0.01232891],[0.01672592],[0.072225],[0.01743064],[0.11871047]
conclus youv drawn soulless mean noth thrown humanmad art past especi digit ai art bad destroy environ use corpor forgo pay artist feed databas,[0.01232889],[0.01672592],[0.072225],[0.0174306],[0.11871041]
naegiko hope realiz soulless ai art peopl draw whole live get good shortcut,[0.01232891],[0.01672592],[0.072225],[0.01743068],[0.1187105]
think great thing art trigger emot reaction peopl ai art doesnt never set asid dislik ai think ai make shot look incred soulless genuin dont think look good,[0.01232889],[0.01672592],[0.072225],[0.01743057],[0.11871038]
sure peopl think soulless except copi thought miyazaki need money job ai would harm anyon thing interest art collag,[0.01232892],[0.01672592],[0.072225],[0.01743064],[0.11871048]
think tough pill swallow ai use hate caus soulless look like trash hate caus look soulless like object ai probabl gonna normal form art media creation within year,[0.01232888],[0.01672592],[0.072225],[0.01743057],[0.11871036]
art verg death soulless ai shit art art feel code,[0.01232891],[0.01672592],[0.072225],[0.01743065],[0.11871047]
naegiko know time time said earlier ai art steal real art train requir steal imag internet take hard work someon spent hour make art make soulless ai art,[0.01232894],[0.01672592],[0.072225],[0.01743057],[0.11871042]
ai creator lie shit fuck ugliest soulless bullshit planet isnt art artist lazi code junki would rather someth work instead code art possibl,[0.01232889],[0.01672592],[0.072225],[0.01743064],[0.11871045]
never understood point like ohhh ai art bad eventu go decent complet soulless poison industri way use rn,[0.01232891],[0.01672592],[0.072225],[0.01743064],[0.11871047]
soulless never thought ai could prove human soul even monkey could creat beauti art,[0.01232892],[0.01672592],[0.072225],[0.01743066],[0.1187105]
deadgumbl zenmainzo eggbertith besid shitti gener ai tool current guarante art permiss artist use basic steal also soulless realli stan,[0.01232891],[0.01672592],[0.072225],[0.01743063],[0.11871046]
real artist creat magnific art pure skill made possibl hard work willpow creativ nowaday ai replic artist work creat someth soulless sacrilegi,[0.01232889],[0.01672592],[0.072225],[0.01743065],[0.11871046]
bigfunnylobst ai art soulless alway know someth ai,[0.01232891],[0.01672592],[0.072225],[0.01743066],[0.11871048]
pouistir true especi soulless kind subject peopl dont care andor see soul ai art crazi,[0.01232891],[0.01672592],[0.072225],[0.01743065],[0.11871047]
real artist upset ai art exist who blame ai art soulless fad artist simpli upset,[0.01232892],[0.01672592],[0.072225],[0.01743066],[0.1187105]
bigfunnylobst kid macaroni art better soulless ai slop,[0.01232891],[0.01672592],[0.072225],[0.01743066],[0.11871049]
letaushijmakaro zabellaaaar furthermor dont think someon retweet ai art get complain media think faceless soulless,[0.01232892],[0.01672592],[0.072225],[0.01743068],[0.11871052]
demiiipinkfox well look gener modern anim real artist art style never abl replic ai ai gener gener one yea soulless,[0.01232889],[0.01672592],[0.072225],[0.01743065],[0.11871046]
understand exactli someon would think impress still much soulless empti actual group artist work make someth ultim mile better everyth shown support actual artist ai art,[0.01232892],[0.01672592],[0.072225],[0.0174306],[0.11871044]
ai artist put much effort type prompt yknow take effort steal other art order mesh one abysm soulless packag disrespect human creativ imagin,[0.01232889],[0.01672592],[0.072225],[0.01743063],[0.11871044]
liron understand peopl know art made ai becom soulless liter look process actual made,[0.01232889],[0.01672592],[0.072225],[0.01743066],[0.11871047]
ihavearestupid naegiko shut like ai artist hard thing arent artist never lazi need soulless robot steal art suggest start learn draw like rest us,[0.01232886],[0.01672592],[0.072225],[0.01743062],[0.1187104]
bletzevan ottomoth sillymizu naegiko noth scare your fuck retard leech work art would ai art realist your bunch skilless soulless loser type work call art happen bunch scumbag,[0.01232889],[0.01672592],[0.072225],[0.01743063],[0.11871044]
rt wretchedjad ai bubbl cant explod fast enough use tool couldnt use creativ,[0.01232889],[0.01672592],[0.072225],[0.01743066],[0.11871047]
environ gonna destroy shitti soulless ai creativ go fall peopl passion creat ai art go seen product rather genuin express rise ai lead death ident fear,[0.01232892],[0.01672592],[0.072225],[0.01743061],[0.11871045]
naegiko yo hope everyth contain trace vidu burn ground instead steal art make soulless imit someth beauti like anim make ai someth actual benefici human moral bankrupt fuck hack,[0.01232889],[0.01672592],[0.072225],[0.0174306],[0.11871041]
quit soulless plu look like shit id say ai stuff better regard statement never tell ai would never surpass human art wise like im say one prove wont id love see come true cheaper faster,[0.01232886],[0.01672592],[0.072225],[0.01743049],[0.11871027]
soulless ai doesnt creat anyth copi peopl art merg call art style true art creat human amount technolog advanc surpass,[0.01232889],[0.01672592],[0.072225],[0.01743063],[0.11871044]
djrtistic differ song like taylor made song like reincarn that real skill real art weak ass soulless ai shit,[0.01232891],[0.01672592],[0.072225],[0.01743065],[0.11871047]
ai make everyth soulless cant captur human passion goe actual art antiai forev,[0.01232891],[0.01672592],[0.072225],[0.01743065],[0.11871047]
cocacola bland soulless without deeper human understand christma buzzword form shit video ai like place art render human art meaningless creation machin input neglig,[0.01232889],[0.01672592],[0.072225],[0.01743062],[0.11871043]
aiphelix exactli gatekeep spend year hone craft someon come along use ai train other hard work make soulless piec space second real art shouldnt treat,[0.01232889],[0.01672592],[0.072225],[0.01743061],[0.11871042]
mani peopl argu ai art soulless doesnt requir amount sweat painstak effort tradit art theyll claim real art come year practic intens emot person labor artist cours that valid,[0.01232885],[0.01672592],[0.072225],[0.01743057],[0.11871033]
cocacola hope compani fail ai slop place live replac real art soulless effortless shit destroy environ time,[0.01232891],[0.01672592],[0.072225],[0.01743065],[0.11871047]
ai bubbl cant explod fast enough use tool couldnt use creativ way aid make art use soulless corpor mind peopl absolut love art creation,[0.01232891],[0.01672592],[0.072225],[0.0174306],[0.11871043]
ai never abl replic work artist amp cannot gener new idea art emot soulless,[0.01232891],[0.01672592],[0.072225],[0.01743066],[0.11871048]
milalolli cocacola fear insecur gimm break soulless even good origin human valu art creat peopl ai output gimmicki,[0.01232892],[0.01672592],[0.072225],[0.01743068],[0.11871052]
rt dekariospil noth ai gener imag revolutionari sens ye chang art industri soulless,[0.01232892],[0.01672592],[0.072225],[0.01743068],[0.11871052]
noth ai gener imag revolutionari sens ye chang art industri soulless meaningless garbag chang actual deeper mean besid money peopl power laugh art artist,[0.01232891],[0.01672591],[0.072225],[0.01743063],[0.11871045]
rt shiiiirt ai pleb dont understand ai could spit beauti imag anyon ever seen still wouldnt,[0.01232891],[0.01672592],[0.072225],[0.01743066],[0.11871049]
yeah dude soulless ai slop ruin art bland nonsens fill airwav lose good stuff like ice spice travi scott,[0.01232889],[0.01672592],[0.072225],[0.01743065],[0.11871046]
beanytuesday peopl never think engag art alway desper reach dunk pwnage thing dont like tragic realiti say ai capabl make soulless corpor art still would rather soulless art made real guy,[0.01232886],[0.01672592],[0.072225],[0.01743057],[0.11871035]
alexwisnerart esemicolonr true person use ai gener imag look control shape width individu line experiment nonstandard tool method think pollock dont think good argument lack soul art theft better one,[0.01232889],[0.01672592],[0.072225],[0.01743058],[0.11871039]
rt zeniitha ive decid im gonna keep account public ive explain alt feel art go fed,[0.01232891],[0.01672592],[0.072225],[0.01743065],[0.11871047]
llygodargyl kjburbankva point whether gener peopl uneduc scare ai cant see someth like easili achiev without sort theft art realli issu term use ai,[0.01232888],[0.01672592],[0.072225],[0.0174306],[0.1187104]
ive decid im gonna keep account public ive explain alt feel art go fed ai alreadi platform dont great regul prevent art theft ai train either twitter ai,[0.01232889],[0.01672592],[0.072225],[0.01743058],[0.11871039]
ai art art theft case compani alreadi steal art regularli get away differ use ai model steal art make,[0.01232891],[0.01672592],[0.072225],[0.01743063],[0.11871046]
sad realiz ive made ai art compani alreadi fine regular old plain art theft dont know ever thought object techbro futurist art theft would ever make differ,[0.01232889],[0.01672592],[0.072225],[0.01743061],[0.11871042]
svycheshir artist ai art theft also artist steal draw amp fix art man fuck western art commun dont see sort butcheri pixiv,[0.01232889],[0.01672592],[0.072225],[0.01743063],[0.11871044]
way person think ai art theft proce steal somebodi real art person attack anoth human fiction charact clinic insan full stop coddl mental derang much,[0.01232886],[0.01672592],[0.072225],[0.0174306],[0.11871038]
rt ishipstarwar light recent event allow say thing ai scrape theft anyon willingli use ai gener art,[0.01232892],[0.01672592],[0.072225],[0.01743065],[0.11871049]
rt austrosilly peopl previous said ai art slop doesnt look remot realist start run argument th,[0.01232891],[0.01672592],[0.072225],[0.01743066],[0.11871049]
feel like hatr ai art pretti uniqu dont hate easi theft,[0.01232889],[0.01672592],[0.072225],[0.01743066],[0.11871047]
rt content post creat account reupload art reupload,[0.01232891],[0.01672592],[0.072225],[0.01743066],[0.11871049]
issu gener ai isnt exist issu attitud believ replac labor make creativ work art theft creat dataset model peopl lie made hand environment impact,[0.01232886],[0.01672592],[0.072225],[0.01743063],[0.11871041]
osiasart artist bombard side economi tax depress art theft oversea scab freak ai fella whine someon inquir wish make art exchang legal tender,[0.01232889],[0.01672592],[0.072225],[0.01743063],[0.11871044]
dipishii intellectu properti theft databas ai secara umumnya itu adalah gambargambar yang udah dicopyright dan artwork para illustr di internet yang discrap tanpa persetujuan yang punya untuk dimanipulasi sedemikian rupa agar jadi ai art,[0.01232891],[0.01672592],[0.072225],[0.01743068],[0.1187105]
ntraccoonart thing dumbass ai steal art use theft yall fuck loser jesu,[0.01232891],[0.01672592],[0.072225],[0.01743068],[0.1187105]
mdriftor naegiko inspir look someth give similar idea thing could use art inspir help creativ ai take imag massiv data base stolen art join togeth art theft,[0.01232888],[0.01672592],[0.072225],[0.01743057],[0.11871037]
thefuck whi everyon hype abt gener ai stawp that art theft disrespect artist human abil creat wanna give gift creation ai bro,[0.01232889],[0.01672592],[0.072225],[0.01743064],[0.11871045]
stop use ai art lazi theft,[0.01232891],[0.01672592],[0.072225],[0.01743065],[0.11871047]
christma tree fest saw tree easili thousand dollar materi labor put use obviou ai art explanatori pamphlet hurt much artist dont understand genai theft artist,[0.01232888],[0.01672592],[0.072225],[0.01743063],[0.11871042]
rt zededg topic aiart common defens ai learn art way human therefor,[0.01232891],[0.01672592],[0.072225],[0.01743068],[0.1187105]
post guy he make month patreon repost doppel bunch small jp artist sell art set patreon also use ai well set liter art theft,[0.01232888],[0.01672592],[0.072225],[0.01743063],[0.11871043]
doubleyoorizz put anoth way ai go continu use stop work fact trace art theft easi sinc digit art becam thing even today show steal anim bit show speed product,[0.01232885],[0.01672592],[0.072225],[0.01743051],[0.11871028]
peopl love call ai art theft argument fall flat artist alway built came photograph use premad filter design borrow font ai thingtak publicli avail data mix where,[0.01232886],[0.01672592],[0.072225],[0.0174306],[0.11871038]
studio use ai way want thing like arcan spidervers would never exist think tri defend lazi art theft,[0.01232889],[0.01672592],[0.072225],[0.01743065],[0.11871046]
yeah probabl im tri activ blueski mostli cu hear art theft ai high,[0.01232891],[0.01672592],[0.072225],[0.01743067],[0.1187105]
dont right art welfar someth els better cheaper theft ai isnt,[0.01232889],[0.01672592],[0.072225],[0.01743066],[0.11871047]
nah man that hard disagre ai art art theft drew someth made ai anim draw say someth,[0.01232889],[0.01672592],[0.072225],[0.01743066],[0.11871047]
rt buglordisaac ai still theft hope everi manga anim compani sue steal art,[0.01232892],[0.01672592],[0.072225],[0.01743066],[0.1187105]
naegiko take hard work someon train ai make art said theft,[0.01232891],[0.01672592],[0.072225],[0.01743068],[0.1187105]
artist tri sayconvey one open yet restrict idea art human draw mere idea compon other human capit art theft gain ai scrape amp scrapheap resourc human art similar artist mimick anoth,[0.01232889],[0.01672592],[0.072225],[0.01743056],[0.11871037]
broonoart exactli tbh im inher antiai feel potenti sourc gud art artist limit could benefit theft part elimin consid ai inher idk possibl rn ai could ref instead steal,[0.01232889],[0.01672592],[0.072225],[0.01743063],[0.11871044]
ok wonder mani nsfw artist get due elon bullshit art theft platform ai artist get shadow ban slow pression platform restrict paywal,[0.01232889],[0.01672592],[0.072225],[0.01743063],[0.11871044]
whoever like use ai creat art drip angl way commun theft program form random token time,[0.01232891],[0.01672592],[0.072225],[0.01743065],[0.11871047]
ai make peopl look like sweat hour also art theft,[0.01232891],[0.01672592],[0.072225],[0.01743068],[0.1187105]
omg total miss neteas money launder arrest thought bhvr mustv sick aiart theft stuff lmao,[0.01232891],[0.01672592],[0.072225],[0.01743066],[0.11871048]
ehuanglu wow final good show ai usag blatant art theft,[0.01232891],[0.01672592],[0.072225],[0.01743068],[0.1187105]
compar two harm thing futur ai art theft bold believ want debat,[0.01232889],[0.01672592],[0.072225],[0.01743066],[0.11871047]
okay long take respons show respect artist alreadi suffer greatli ai art theft object take care,[0.01232889],[0.01672592],[0.072225],[0.01743063],[0.11871044]
part dont need permiss understand copi anybodi art music style see fit use style train ai long dont reproduc origin work theft,[0.01232886],[0.01672592],[0.072225],[0.0174306],[0.11871038]
neuvali prove wrong learn theft massiv influx art due ai consequ tragic natur world artist subjug capit first place kind tragedi,[0.01232889],[0.01672592],[0.072225],[0.01743063],[0.11871044]
jeremysmil ye ai shittylook art theft,[0.01232891],[0.01672592],[0.072225],[0.01743066],[0.11871049]
kiomurd dude spat morn pud like blabber babi saw mental break due art theft clearli ai use steal brush stroke origin art attach,[0.01232889],[0.01672592],[0.072225],[0.01743063],[0.11871044]
ooc torn ai imag use one hand nobodi like messi hand lot peopl use anyway free dont worri art theft,[0.01232889],[0.01672592],[0.072225],[0.01743064],[0.11871045]
naegiko one that ai art stolen art wish thing could forgotten there noth revolutionari theft,[0.01232889],[0.01672592],[0.072225],[0.01743065],[0.11871046]
naegiko im anim understand anim dislik fear job get stolen theyr also piss ai time train actual human work without permiss creator art theft,[0.01232886],[0.01672592],[0.072225],[0.0174306],[0.11871038]
ai still theft hope everi manga anim compani sue steal art,[0.01232892],[0.01672592],[0.072225],[0.01743066],[0.1187105]
milkmeray im ask could promot ai art theft,[0.01232891],[0.01672592],[0.072225],[0.01743067],[0.1187105]
greater varieti style showcas sourc theft highli detail piec ai artist insult mani believ valu hand art style art easi find style,[0.01232891],[0.01672592],[0.072225],[0.01743063],[0.11871045]
tangewrion naegiko whynesspow human artist lern draw art ai lern art draw lern theft,[0.01232891],[0.01672592],[0.072225],[0.01743067],[0.1187105]
tangewrion haareblond naegiko whynesspow dataset pull data somewher rememb ai cannot creat origin content rendit data fed absolut true ai art consid theft,[0.01232889],[0.01672592],[0.072225],[0.01743064],[0.11871045]
make anoth side comment ai incred thing especi regard code predict use statist human guidanc pass unfilt imag text realiti danger other said plenti surfacelevel legitim art theft,[0.01232888],[0.01672592],[0.072225],[0.01743057],[0.11871037]
peopl previous said ai art slop doesnt look remot realist start run argument thu theyr resort environment damag dubiou regular art emit claim art theft intellectu properti doesnt exist deal,[0.01232889],[0.01672592],[0.072225],[0.01743056],[0.11871037]
privat investig join european cruis husband investig newlyw suspect art theft explor ai impact art forgeri backdrop luxuri destin book read bookreview readerview bookstagram,[0.01232889],[0.01672592],[0.072225],[0.01743063],[0.11871044]
everi artist ai gener use scrape put databas along destruct environ much water server use along straight power,[0.01232891],[0.01672592],[0.072225],[0.01743064],[0.11871047]
world afraid human fall near ai gener theft take human made art real art shape world way ai slop could never,[0.01232889],[0.01672592],[0.072225],[0.01743063],[0.11871044]
ecutruin andyleeyuan ai art theft,[0.01232891],[0.01672592],[0.072225],[0.01743064],[0.11871047]
radlordlewd milkmeray theft act depriv anoth access properti alreadi explain train ai anoth artwork depriv access said artwork theft think human learn produc art also refer artwork,[0.01232892],[0.01672592],[0.072225],[0.0174306],[0.11871044]
radlordlewd milkmeray ive cover theft argument exactli ai art uneth,[0.01232891],[0.01672592],[0.072225],[0.01743067],[0.1187105]
dont think post ai slop art theft let fun thing,[0.01232891],[0.01672592],[0.072225],[0.01743065],[0.11871047]
milkmeray your essenti promot ai someth legitim rather call lazi art theft your celebr draw attent someth inher uneth,[0.01232891],[0.01672592],[0.072225],[0.01743064],[0.11871047]
urnotmyrealmom keshaord ai art theft real artist look ai even work girl,[0.01232891],[0.01672592],[0.072225],[0.01743066],[0.11871049]
cozmicanomali saltytgp sayuriartsi ai art result individu express imagin skill use gener softwar make form art definit claim theft incorrect train ai anoth art depriv access said art,[0.01232892],[0.01672592],[0.072225],[0.01743058],[0.11871042]
saltytgp sayuriartsi ai art isnt art theft,[0.01232891],[0.01672592],[0.072225],[0.01743066],[0.11871049]
here draw ill never finish amp friend oc im use phone draw much anymor ye there lot watermark im scare art theft ai spookymonthoc spookymonth,[0.01232888],[0.01672592],[0.072225],[0.01743063],[0.11871043]
kesharos dude sick remov banger playlist bc artist use ai cant listen music anymor wo get disappoint feel like im support art theft,[0.01232889],[0.01672592],[0.072225],[0.01743063],[0.11871044]
say theyll also episod art theft ai tho honestli cant wait,[0.01232891],[0.01672592],[0.072225],[0.01743068],[0.1187105]
saltytgp sayuriartsi call ai noth hardcod program exactli theyr told program take art other without liscens permiss exactli regular theft said retard,[0.01232888],[0.01672592],[0.072225],[0.01743064],[0.11871044]
saltytgp sayuriartsi yet argu singl fact said earlier ai art didnt human input differ art theft human hand absolut,[0.01232889],[0.01672592],[0.072225],[0.01743066],[0.11871047]
keep see hear cool thing find ai slop catch yall profit stolen black voic art im break leg real shit best case theft worst case digit black face top theft,[0.01232885],[0.01672592],[0.072225],[0.01743054],[0.11871031]
rt xxkaixxnsfw oh hi didnt see care give help hand someth els hope ai theft cuz b,[0.01232889],[0.01672592],[0.072225],[0.01743066],[0.11871047]
remind ai art art theft steal job real art matter much want,[0.01232891],[0.01672592],[0.072225],[0.01743065],[0.11871047]
